smoking,percentage
No,0.701416666666666667
Yes,0.298583333333333333
